{"cameraMode":{"drawMode":0,"name":"Shaded","section":"Shading Mode"},"sceneLighting":false,"audioPlay":false,"sceneViewState":{"m_AlwaysRefresh":false,"showFog":true,"showSkybox":false,"showFlares":true,"showImageEffects":true,"showParticleSystems":true,"showVisualEffectGraphs":true,"m_FxEnabled":true},"in2DMode":false,"pivot":{"x":10.446452140808106,"y":19.69988250732422,"z":17.536178588867189},"rotation":{"x":-0.009102526120841504,"y":0.20903822779655457,"z":-0.001949787838384509,"w":-0.9778764247894287},"size":23.421066284179689,"orthographic":false}