{"cameraMode":{"drawMode":0,"name":"Shaded","section":"Shading Mode"},"sceneLighting":false,"audioPlay":false,"sceneViewState":{"m_AlwaysRefresh":false,"showFog":true,"showSkybox":false,"showFlares":true,"showImageEffects":true,"showParticleSystems":true,"showVisualEffectGraphs":true,"m_FxEnabled":true},"in2DMode":false,"pivot":{"x":-5.370289325714111,"y":2.9060192108154299,"z":0.8104782104492188},"rotation":{"x":0.0013923952355980874,"y":0.9695855975151062,"z":0.005517365410923958,"w":-0.2446851283311844},"size":11.175802230834961,"orthographic":false}